{
  "hash": "339b3ca2",
  "configHash": "6be21632",
  "lockfileHash": "4ad6b3de",
  "browserHash": "beb9ef8c",
  "optimized": {
    "@angular/core": {
      "src": "../../../../../../node_modules/@angular/core/fesm2022/core.mjs",
      "file": "@angular_core.js",
      "fileHash": "e9d2fcdf",
      "needsInterop": false
    },
    "@angular/platform-browser": {
      "src": "../../../../../../node_modules/@angular/platform-browser/fesm2022/platform-browser.mjs",
      "file": "@angular_platform-browser.js",
      "fileHash": "bcbe5c6c",
      "needsInterop": false
    },
    "@angular/router": {
      "src": "../../../../../../node_modules/@angular/router/fesm2022/router.mjs",
      "file": "@angular_router.js",
      "fileHash": "f67f4523",
      "needsInterop": false
    },
    "three": {
      "src": "../../../../../../node_modules/three/build/three.module.js",
      "file": "three.js",
      "fileHash": "c09dd832",
      "needsInterop": false
    },
    "three/examples/jsm/Addons.js": {
      "src": "../../../../../../node_modules/three/examples/jsm/Addons.js",
      "file": "three_examples_jsm_Addons__js.js",
      "fileHash": "1539a4bc",
      "needsInterop": false
    }
  },
  "chunks": {
    "chunk-L3QMXSJQ": {
      "file": "chunk-L3QMXSJQ.js"
    },
    "chunk-Z2TOKK73": {
      "file": "chunk-Z2TOKK73.js"
    },
    "chunk-CRRKPQMA": {
      "file": "chunk-CRRKPQMA.js"
    },
    "chunk-NEYRJIQJ": {
      "file": "chunk-NEYRJIQJ.js"
    }
  }
}